{"cameraMode":{"drawMode":0,"name":"Shaded","section":"Shading Mode"},"sceneLighting":true,"audioPlay":false,"sceneViewState":{"showFog":true,"showMaterialUpdate":false,"showSkybox":true,"showFlares":true,"showImageEffects":true,"showParticleSystems":true},"in2DMode":false,"pivot":{"x":-1.999691367149353,"y":1.7279504537582398,"z":1.125944972038269},"rotation":{"x":0.23877650499343873,"y":0.12918341159820558,"z":-0.03205433115363121,"w":0.9619206190109253},"size":3.294304132461548,"orthographic":false}