{"cameraMode":{"drawMode":0,"name":"Shaded","section":"Shading Mode"},"sceneLighting":true,"audioPlay":false,"sceneViewState":{"showFog":true,"showMaterialUpdate":false,"showSkybox":true,"showFlares":true,"showImageEffects":true,"showParticleSystems":true},"in2DMode":false,"pivot":{"x":2.981745958328247,"y":-15.620330810546875,"z":7.910000801086426},"rotation":{"x":0.5705646872520447,"y":0.0638936385512352,"z":-0.04459281265735626,"w":0.8175542950630188},"size":12.908344268798829,"orthographic":false}